Workbook

Sheet 拆解
A1: token 帳缺口拆解（2026 Q2）：模型付費 token ÷ 需求面付費 token。GW 路線＝P×Q 的 Q 所用口徑；支出路線＝L1_TokLedger_2026Q2
A3: A. 起點 | B3: 值 | C3: 說明
A4: 每 GW 混合付費產能（2026 組合） | B4: =輸入!$B$12*輸入!$B$8+輸入!$B$13*輸入!$B$9+輸入!$B$14*輸入!$B$10+輸入!$B$15*輸入!$B$11 -> 1.1596624e+11 | C4: M tok/GW/年
A5: GW 路線模型付費 token | B5: =輸入!$B$2*輸入!$B$4*(1-輸入!$B$5)*B4*輸入!$B$6*輸入!$B$7 -> 2.0937645e+10 | C5: M tok/年
A6: 需求面付費 token（TK 現值） | B6: =輸入!$B$17+輸入!$B$18*1000000000*輸入!$B$19*365/1000000*(1-輸入!$B$20) -> 9986400000 | C6: M tok/年
A7: GW 路線 token 帳（起點） | B7: =B5/B6 -> 2.0966159 | C7: x
A8: 支出路線 token 帳（TK L1_TokLedger_2026Q2） | B8: =輸入!$B$16/B6 -> 3.0194726 | C8: x；對照 TK 3.019
A9: 對照：GW 路線 2025（TK L1_TokLedger_GW25） | B9: =輸入!$B$22/輸入!$B$21 -> 1.5199888 | C9: x；TK 1.520
A11: B. 情境（逐項只改一個因子，其餘取 TK 現值） | B11: 低 | C11: 基準 | D11: 高 | E11: 說明
A12: D1 API 季平均倍數：GW 路線 token 帳 | B12: =((輸入!$B$3*輸入!$B$4+(輸入!$B$2-輸入!$B$3)*輸入!$B$4)*(1-輸入!$B$5)*(輸入!$B$12*輸入!$B$8+(輸入!$B$13*輸入!$B$9+輸入!$B$14*輸入!$B$10+輸入!$B$15*輸入!$B$11)*1)*輸入!$B$6*輸入!$B$7)/(輸入!$B$17*輸入!$B$25+0*1000000000000*365/1000000+輸入!$B$18*1000000000*輸入!$B$19*365/1000000*(1-輸入!$B$20)) -> 2.0966159 | C12: =((輸入!$B$3*輸入!$B$4+(輸入!$B$2-輸入!$B$3)*輸入!$B$4)*(1-輸入!$B$5)*(輸入!$B$12*輸入!$B$8+(輸入!$B$13*輸入!$B$9+輸入!$B$14*輸入!$B$10+輸入!$B$15*輸入!$B$11)*1)*輸入!$B$6*輸入!$B$7)/(輸入!$B$17*輸入!$C$25+0*1000000000000*365/1000000+輸入!$B$18*1000000000*輸入!$B$19*365/1000000*(1-輸入!$B$20)) -> 1.8746213 | D12: =((輸入!$B$3*輸入!$B$4+(輸入!$B$2-輸入!$B$3)*輸入!$B$4)*(1-輸入!$B$5)*(輸入!$B$12*輸入!$B$8+(輸入!$B$13*輸入!$B$9+輸入!$B$14*輸入!$B$10+輸入!$B$15*輸入!$B$11)*1)*輸入!$B$6*輸入!$B$7)/(輸入!$B$17*輸入!$D$25+0*1000000000000*365/1000000+輸入!$B$18*1000000000*輸入!$B$19*365/1000000*(1-輸入!$B$20)) -> 1.6427094 | E12: ＝1 表示完全閉合
A13: D2 Codex 在 API 外：GW 路線 token 帳 | B13: =((輸入!$B$3*輸入!$B$4+(輸入!$B$2-輸入!$B$3)*輸入!$B$4)*(1-輸入!$B$5)*(輸入!$B$12*輸入!$B$8+(輸入!$B$13*輸入!$B$9+輸入!$B$14*輸入!$B$10+輸入!$B$15*輸入!$B$11)*1)*輸入!$B$6*輸入!$B$7)/(輸入!$B$17*1+輸入!$B$26*1000000000000*365/1000000+輸入!$B$18*1000000000*輸入!$B$19*365/1000000*(1-輸入!$B$20)) -> 1.9537947 | C13: =((輸入!$B$3*輸入!$B$4+(輸入!$B$2-輸入!$B$3)*輸入!$B$4)*(1-輸入!$B$5)*(輸入!$B$12*輸入!$B$8+(輸入!$B$13*輸入!$B$9+輸入!$B$14*輸入!$B$10+輸入!$B$15*輸入!$B$11)*1)*輸入!$B$6*輸入!$B$7)/(輸入!$B$17*1+輸入!$C$26*1000000000000*365/1000000+輸入!$B$18*1000000000*輸入!$B$19*365/1000000*(1-輸入!$B$20)) -> 1.6222684 | D13: =((輸入!$B$3*輸入!$B$4+(輸入!$B$2-輸入!$B$3)*輸入!$B$4)*(1-輸入!$B$5)*(輸入!$B$12*輸入!$B$8+(輸入!$B$13*輸入!$B$9+輸入!$B$14*輸入!$B$10+輸入!$B$15*輸入!$B$11)*1)*輸入!$B$6*輸入!$B$7)/(輸入!$B$17*1+輸入!$D$26*1000000000000*365/1000000+輸入!$B$18*1000000000*輸入!$B$19*365/1000000*(1-輸入!$B$20)) -> 1.0955579 | E13: ＝1 表示完全閉合
A14: D3 每則 token：GW 路線 token 帳 | B14: =((輸入!$B$3*輸入!$B$4+(輸入!$B$2-輸入!$B$3)*輸入!$B$4)*(1-輸入!$B$5)*(輸入!$B$12*輸入!$B$8+(輸入!$B$13*輸入!$B$9+輸入!$B$14*輸入!$B$10+輸入!$B$15*輸入!$B$11)*1)*輸入!$B$6*輸入!$B$7)/(輸入!$B$17*1+0*1000000000000*365/1000000+輸入!$B$18*1000000000*輸入!$B$27*365/1000000*(1-輸入!$B$20)) -> 2.0966159 | C14: =((輸入!$B$3*輸入!$B$4+(輸入!$B$2-輸入!$B$3)*輸入!$B$4)*(1-輸入!$B$5)*(輸入!$B$12*輸入!$B$8+(輸入!$B$13*輸入!$B$9+輸入!$B$14*輸入!$B$10+輸入!$B$15*輸入!$B$11)*1)*輸入!$B$6*輸入!$B$7)/(輸入!$B$17*1+0*1000000000000*365/1000000+輸入!$B$18*1000000000*輸入!$C$27*365/1000000*(1-輸入!$B$20)) -> 1.8969382 | D14: =((輸入!$B$3*輸入!$B$4+(輸入!$B$2-輸入!$B$3)*輸入!$B$4)*(1-輸入!$B$5)*(輸入!$B$12*輸入!$B$8+(輸入!$B$13*輸入!$B$9+輸入!$B$14*輸入!$B$10+輸入!$B$15*輸入!$B$11)*1)*輸入!$B$6*輸入!$B$7)/(輸入!$B$17*1+0*1000000000000*365/1000000+輸入!$B$18*1000000000*輸入!$D$27*365/1000000*(1-輸入!$B$20)) -> 1.5321424 | E14: ＝1 表示完全閉合
A15: S1 新增 GW 服務比例：GW 路線 token 帳 | B15: =((輸入!$B$3*輸入!$B$4+(輸入!$B$2-輸入!$B$3)*輸入!$B$28)*(1-輸入!$B$5)*(輸入!$B$12*輸入!$B$8+(輸入!$B$13*輸入!$B$9+輸入!$B$14*輸入!$B$10+輸入!$B$15*輸入!$B$11)*1)*輸入!$B$6*輸入!$B$7)/(輸入!$B$17*1+0*1000000000000*365/1000000+輸入!$B$18*1000000000*輸入!$B$19*365/1000000*(1-輸入!$B$20)) -> 1.7023805 | C15: =((輸入!$B$3*輸入!$B$4+(輸入!$B$2-輸入!$B$3)*輸入!$C$28)*(1-輸入!$B$5)*(輸入!$B$12*輸入!$B$8+(輸入!$B$13*輸入!$B$9+輸入!$B$14*輸入!$B$10+輸入!$B$15*輸入!$B$11)*1)*輸入!$B$6*輸入!$B$7)/(輸入!$B$17*1+0*1000000000000*365/1000000+輸入!$B$18*1000000000*輸入!$B$19*365/1000000*(1-輸入!$B$20)) -> 1.8946904 | D15: =((輸入!$B$3*輸入!$B$4+(輸入!$B$2-輸入!$B$3)*輸入!$D$28)*(1-輸入!$B$5)*(輸入!$B$12*輸入!$B$8+(輸入!$B$13*輸入!$B$9+輸入!$B$14*輸入!$B$10+輸入!$B$15*輸入!$B$11)*1)*輸入!$B$6*輸入!$B$7)/(輸入!$B$17*1+0*1000000000000*365/1000000+輸入!$B$18*1000000000*輸入!$B$19*365/1000000*(1-輸入!$B$20)) -> 2.0966159 | E15: ＝1 表示完全閉合
A16: S2 非 Hopper 產能實現率：GW 路線 token 帳 | B16: =((輸入!$B$3*輸入!$B$4+(輸入!$B$2-輸入!$B$3)*輸入!$B$4)*(1-輸入!$B$5)*(輸入!$B$12*輸入!$B$8+(輸入!$B$13*輸入!$B$9+輸入!$B$14*輸入!$B$10+輸入!$B$15*輸入!$B$11)*輸入!$B$29)*輸入!$B$6*輸入!$B$7)/(輸入!$B$17*1+0*1000000000000*365/1000000+輸入!$B$18*1000000000*輸入!$B$19*365/1000000*(1-輸入!$B$20)) -> 1.3050077 | C16: =((輸入!$B$3*輸入!$B$4+(輸入!$B$2-輸入!$B$3)*輸入!$B$4)*(1-輸入!$B$5)*(輸入!$B$12*輸入!$B$8+(輸入!$B$13*輸入!$B$9+輸入!$B$14*輸入!$B$10+輸入!$B$15*輸入!$B$11)*輸入!$C$29)*輸入!$B$6*輸入!$B$7)/(輸入!$B$17*1+0*1000000000000*365/1000000+輸入!$B$18*1000000000*輸入!$B$19*365/1000000*(1-輸入!$B$20)) -> 1.7008118 | D16: =((輸入!$B$3*輸入!$B$4+(輸入!$B$2-輸入!$B$3)*輸入!$B$4)*(1-輸入!$B$5)*(輸入!$B$12*輸入!$B$8+(輸入!$B$13*輸入!$B$9+輸入!$B$14*輸入!$B$10+輸入!$B$15*輸入!$B$11)*輸入!$D$29)*輸入!$B$6*輸入!$B$7)/(輸入!$B$17*1+0*1000000000000*365/1000000+輸入!$B$18*1000000000*輸入!$B$19*365/1000000*(1-輸入!$B$20)) -> 2.0966159 | E16: ＝1 表示完全閉合
A18: C. 組合（全部因子同時取同一端） | B18: 全取「不利閉合」端 | C18: 全取基準 | D18: 全取「利於閉合」端 | E18: 說明
A19: GW 路線 token 帳 | B19: =((輸入!$B$3*輸入!$B$4+(輸入!$B$2-輸入!$B$3)*輸入!$D$28)*(1-輸入!$B$5)*(輸入!$B$12*輸入!$B$8+(輸入!$B$13*輸入!$B$9+輸入!$B$14*輸入!$B$10+輸入!$B$15*輸入!$B$11)*輸入!$D$29)*輸入!$B$6*輸入!$B$7)/(輸入!$B$17*輸入!$B$25+輸入!$B$26*1000000000000*365/1000000+輸入!$B$18*1000000000*輸入!$B$27*365/1000000*(1-輸入!$B$20)) -> 1.9537947 | C19: =((輸入!$B$3*輸入!$B$4+(輸入!$B$2-輸入!$B$3)*輸入!$C$28)*(1-輸入!$B$5)*(輸入!$B$12*輸入!$B$8+(輸入!$B$13*輸入!$B$9+輸入!$B$14*輸入!$B$10+輸入!$B$15*輸入!$B$11)*輸入!$C$29)*輸入!$B$6*輸入!$B$7)/(輸入!$B$17*輸入!$C$25+輸入!$C$26*1000000000000*365/1000000+輸入!$B$18*1000000000*輸入!$C$27*365/1000000*(1-輸入!$B$20)) -> 1.0138016 | D19: =((輸入!$B$3*輸入!$B$4+(輸入!$B$2-輸入!$B$3)*輸入!$B$28)*(1-輸入!$B$5)*(輸入!$B$12*輸入!$B$8+(輸入!$B$13*輸入!$B$9+輸入!$B$14*輸入!$B$10+輸入!$B$15*輸入!$B$11)*輸入!$B$29)*輸入!$B$6*輸入!$B$7)/(輸入!$B$17*輸入!$D$25+輸入!$D$26*1000000000000*365/1000000+輸入!$B$18*1000000000*輸入!$D$27*365/1000000*(1-輸入!$B$20)) -> 0.41416068 | E19: Assumed 組合；端點同向，範圍偏寬
A20: 支出路線 token 帳（S1 不適用；S2 同比例套用） | B20: =輸入!$B$16*((輸入!$B$12*輸入!$B$8+(輸入!$B$13*輸入!$B$9+輸入!$B$14*輸入!$B$10+輸入!$B$15*輸入!$B$11)*輸入!$D$29)/B4)/(輸入!$B$17*輸入!$B$25+輸入!$B$26*1000000000000*365/1000000+輸入!$B$18*1000000000*輸入!$B$27*365/1000000*(1-輸入!$B$20)) -> 2.8137864 | C20: =輸入!$B$16*((輸入!$B$12*輸入!$B$8+(輸入!$B$13*輸入!$B$9+輸入!$B$14*輸入!$B$10+輸入!$B$15*輸入!$B$11)*輸入!$C$29)/B4)/(輸入!$B$17*輸入!$C$25+輸入!$C$26*1000000000000*365/1000000+輸入!$B$18*1000000000*輸入!$C$27*365/1000000*(1-輸入!$B$20)) -> 1.6156445 | D20: =輸入!$B$16*((輸入!$B$12*輸入!$B$8+(輸入!$B$13*輸入!$B$9+輸入!$B$14*輸入!$B$10+輸入!$B$15*輸入!$B$11)*輸入!$B$29)/B4)/(輸入!$B$17*輸入!$D$25+輸入!$D$26*1000000000000*365/1000000+輸入!$B$18*1000000000*輸入!$D$27*365/1000000*(1-輸入!$B$20)) -> 0.73458716
A22: D. 必須為真：其他因子取基準時，單一因子要多大才閉合（GW 路線＝1） | B22: 所需值 | C22: 說明
A23: 所需 Codex 在 API 外（T tok/日） | B23: =(((輸入!$B$3*輸入!$B$4+(輸入!$B$2-輸入!$B$3)*輸入!$C$28)*(1-輸入!$B$5)*(輸入!$B$12*輸入!$B$8+(輸入!$B$13*輸入!$B$9+輸入!$B$14*輸入!$B$10+輸入!$B$15*輸入!$B$11)*輸入!$C$29)*輸入!$B$6*輸入!$B$7)-(輸入!$B$17*輸入!$C$25+0*1000000000000*365/1000000+輸入!$B$18*1000000000*輸入!$C$27*365/1000000*(1-輸入!$B$20)))/(1000000000000*365/1000000) -> 8.5724923 | C23: 其他因子取基準
A24: 所需每則 token（tok） | B24: =(((輸入!$B$3*輸入!$B$4+(輸入!$B$2-輸入!$B$3)*輸入!$C$28)*(1-輸入!$B$5)*(輸入!$B$12*輸入!$B$8+(輸入!$B$13*輸入!$B$9+輸入!$B$14*輸入!$B$10+輸入!$B$15*輸入!$B$11)*輸入!$C$29)*輸入!$B$6*輸入!$B$7)-輸入!$B$17*輸入!$C$25-輸入!$C$26*1000000000000*365/1000000)/(輸入!$B$18*1000000000*365/1000000*(1-輸入!$B$20)) -> 6397.5641
A25: 所需 API 季平均倍數 | B25: =(((輸入!$B$3*輸入!$B$4+(輸入!$B$2-輸入!$B$3)*輸入!$C$28)*(1-輸入!$B$5)*(輸入!$B$12*輸入!$B$8+(輸入!$B$13*輸入!$B$9+輸入!$B$14*輸入!$B$10+輸入!$B$15*輸入!$B$11)*輸入!$C$29)*輸入!$B$6*輸入!$B$7)-輸入!$C$26*1000000000000*365/1000000-輸入!$B$18*1000000000*輸入!$C$27*365/1000000*(1-輸入!$B$20))/輸入!$B$17 -> 1.1765043
A27: E. 對 P×Q 讀法的影響（若誤差全在產能側，第一年營收 ÷ token 帳） | B27: TK 現讀法 | C27: GW 路線起點 | D27: GW 路線基準組合
A28: L1_RevGW_PQ_VR200 49.51 $B 的折算 | B28: =49.51/B8 -> 16.396903 | C28: =49.51/B7 -> 23.614244 | D28: =49.51/C19 -> 48.835983

Sheet 輸入
A1: 項目 | B1: 值 | C1: 單位 | D1: 標記 | E1: 依據（TK v21.2 名稱或外部來源）
A2: 2026 Q2 季平均上線 GW（J7 中占比＋晚） | B2: 2.34 | C2: GW | D2: Derived（J7，下界） | E2: PR #162 結果頁；區間 2.21–2.85
A3: 2025 年底上線 GW | B3: 1.9 | C3: GW | D3: Interested-party：OpenAI CFO | E3: SRC_DEM_009
A4: 對外服務占機隊 B4_Serve | B4: 0.41 | C4: x | D4: Derived | E4: Cap_In C28
A5: 免費占服務算力 IF_FreeShare | B5: 0.46 | C5: x | D5: Interested-party | E5: Interface C149
A6: 實際利用率 AL_UtilActual | B6: 0.41 | C6: x | D6: Assumed | E6: Alloc_In C24
A7: 生產折減 CTL_ProdDerate | B7: 0.85 | C7: x | D7: Derived | E7: Serving C28
A8: 每 GW 付費產能 Hopper（IF_TokGWPaidMix 第 2 欄） | B8: 2.6017337e+10 | C8: M tok/GW/年 | D8: Derived | E8: Interface C361:Q361
A9: 每 GW 付費產能 GB200（第 5 欄） | B9: 1.2801356e+11 | C9: M tok/GW/年 | D9: Derived | E9: 同上
A10: 每 GW 付費產能 GB300（第 8 欄） | B10: 1.5601612e+11 | C10: M tok/GW/年 | D10: Derived | E10: 同上
A11: 每 GW 付費產能 VR200（第 11 欄） | B11: 2.5703546e+11 | C11: M tok/GW/年 | D11: Derived | E11: 同上
A12: 2026 服務世代組合 Hopper | B12: 0.25 | C12: x | D12: Assumed | E12: Cap_In D211
A13: 2026 服務世代組合 GB200 | B13: 0.45 | C13: x | D13: Assumed | E13: Cap_In D212
... A22: GW 路線 2025 模型付費 token L1_TokPaid_GW25 | B22: 5.8142611e+09 | C22: M tok/年 | D22: Derived | E22: Cap_In C334
A24: 候選因子（情境；低／基準／高） | B24: 低 | C24: 基準 | D24: 高 | E24: 依據
A25: D1 API：Q2 季平均 ÷ 3 月底時點值 | B25: 1 | C25: 1.15 | D25: 1.35 | E25: Assumed：2025-10 每分鐘 60 億 → 2026-03 150 億（約 5.8 個月 2.5 倍，月增約 17%）；Q2 中點晚 1.5 個月，若續增約 1.27；低＝持平
A26: D2 Codex 在 API 外的 token（T tok/日） | B26: 2 | C26: 8 | D26: 25 | E26: Assumed：2025-10 GPT-5-Codex 約 2T／日（全通路，SRC_DEM_088）；週活 2026-01 約 40 萬 → 03 160 萬 → 06 逾 500 萬；token 月增 70%+（2026 初）；在 API 外的比例未知
A27: D3 每則 token（tok） | B27: 4000 | C27: 6000 | D27: 11000 | E27: Assumed：TK 區間 2,000–11,000；推理預設化與上下文累積偏高
A28: S1 2026 新增上線 GW 中對外服務的比例 | B28: 0 | C28: 0.2 | D28: 0.41 | E28: Assumed：Epoch 稱 Fairwater 兩站可能供 OpenAI 訓練；高＝與既有機隊同 0.41
A29: S2 非 Hopper 世代產能實現率（爬坡、軟體成熟度） | B29: 0.6 | C29: 0.8 | D29: 1 | E29: Assumed：無量測；TK 已知 Hopper 模型值約為實測 0.27 倍（反向，未校準）
