Workbook

Sheet 錨點
A1: CoreWeave 2026 Q2：每 active GW 年營收 ÷ TK 持有成本（出租方價格錨點）；以及由折舊推回的耐用年限
A3: A. Q2 平均 active GW | B3: 值 | C3: 說明
A4: 3/31 active GW（＝6/30 − Q2 新增） | B4: =輸入!$B$4-輸入!$B$5 -> 1 | C4: GW
A5: Q2 平均（線性） | B5: =(B4+輸入!$B$4)/2 -> 1.25 | C5: GW；新增平均分布
A6: Q2 平均（6 月集中） | B6: =B4+(輸入!$B$5-輸入!$B$6)*(2/3)+輸入!$B$6*(1/6) -> 1.1833333 | C6: GW；4–5 月新增平均在季內 2/3 季、6 月新增 1/6 季
A8: B. 每 active GW 年營收（$B/GW·年） | B8: 線性 | C8: 6 月集中
A9: active power 視為 IT 電力 | B9: =輸入!$B$2*4/B5 -> 8.24 | C9: =輸入!$B$2*4/B6 -> 8.7042254
A10: active power 視為設施電力（IT＝設施 ÷ PUE；PUE 1.2） | B10: =B9*輸入!$B$9 -> 9.888 | C10: =C9*輸入!$B$9 -> 10.44507
A11: active power 視為設施電力（PUE 1.3） | B11: =B9*輸入!$B$10 -> 10.712 | C11: =C9*輸入!$B$10 -> 11.315493
A12: IT 口徑 × 7 月漲價（若漲價前即為 Q2 價格） | B12: =B9*輸入!$B$11 -> 10.3 | C12: =C9*輸入!$B$11 -> 10.880282
A14: C. ÷ TK 持有成本（GB200／GB300） | B14: GB200 | C14: GB300
A15: IT、線性 | B15: =B9/輸入!$B$7 -> 0.93337624 | C15: =B9/輸入!$B$8 -> 0.75690694
A16: IT、6 月集中 | B16: =C9/輸入!$B$7 -> 0.98596082 | C16: =C9/輸入!$B$8 -> 0.79954958
A17: 設施 PUE 1.2、線性 | B17: =B10/輸入!$B$7 -> 1.1200515 | C17: =B10/輸入!$B$8 -> 0.90828832
A18: 設施 PUE 1.3、6 月集中 | B18: =C11/輸入!$B$7 -> 1.2817491 | C18: =C11/輸入!$B$8 -> 1.0394145
A19: IT × 漲價、線性 | B19: =B12/輸入!$B$7 -> 1.1667203 | C19: =B12/輸入!$B$8 -> 0.94613367
A20: IT × 漲價、6 月集中 | B20: =C12/輸入!$B$7 -> 1.232451 | C20: =C12/輸入!$B$8 -> 0.99943698
A21: 最小（不含漲價列） | B21: =MIN(B15:C18) -> 0.75690694
A22: 最大（不含漲價列） | B22: =MAX(B15:C18) -> 1.2817491
A23: 區間 × 7 月漲價 1.25（全部口徑）：最小 | B23: =B21*輸入!$B$11 -> 0.94613367
A24: 區間 × 7 月漲價 1.25（全部口徑）：最大 | B24: =B22*輸入!$B$11 -> 1.6021863
A26: D. 由折舊推回耐用年限 | B26: 值 | C26: 說明
A27: H1 平均折舊資產毛額 | B27: =(輸入!$B$12+輸入!$B$13)/2 -> 32.6345 | C27: $B；簡單平均（資產集中在後段時偏高 → 年限偏長）
A28: 隱含平均耐用年限（簡單平均） | B28: =B27/(輸入!$B$14*2) -> 6.5269 | C28: 年；資產基礎混有資料中心設備、軟體、14 年期基礎設施
A29: 界線：期末基礎 ÷ Q2 年化折舊 | B29: =輸入!$B$13/(輸入!$B$15*4) -> 7.2685714 | C29: 年；上界
A30: 界線：期初基礎 ÷ H1 年化折舊 | B30: =輸入!$B$12/(輸入!$B$14*2) -> 4.913 | C30: 年；下界

Sheet 輸入
A1: 項目 | B1: 值 | C1: 單位 | D1: 標記 | E1: 來源
A2: Q2 2026 營收 | B2: 2.575 | C2: $B／季 | D2: Verified（10-Q） | E2: CoreWeave 10-Q 2026-06-30，損益表
A3: H1 2026 營收 | B3: 4.653 | C3: $B | D3: Verified（10-Q） | E3: 同上
A4: 6/30 active power | B4: 1.5 | C4: GW | D4: Verified（8-K 新聞稿；口徑未定義） | E4: 8-K 2026-08-11「約 1.5 GW」；10-Q 全文無 active power 定義
A5: Q2 新增 active power | B5: 0.5 | C5: GW | D5: Verified（8-K） | E5: 8-K 2026-08-11「Expanded active power by nearly 500 MWs to reach 1.5 GW」
A6: 其中 6 月新增 | B6: 0.3 | C6: GW | D6: 報導（二手） | E6: 同上「6 月 >300MW」
A7: TK 持有成本 GB200（AL_HoldGen） | B7: 8.8281656 | C7: $B/GW·年 | D7: Derived | E7: TK v21.2 Alloc!D39
A8: TK 持有成本 GB300（AL_HoldGen） | B8: 10.886411 | C8: $B/GW·年 | D8: Derived | E8: TK v21.2 Alloc!E39
A9: PUE 低（若 active power 為設施電力） | B9: 1.2 | C9: x | D9: Assumed | E9: 區間 1.2–1.4
A10: PUE 高 | B10: 1.3 | C10: x | D10: Assumed | E10: TK 設施係數區間 1.1／1.2／1.3（Interface 第 8 列）
A11: 2026-07 全 SKU 漲價 | B11: 1.25 | C11: x | D11: 報導（法說摘要，二手） | E11: A 段 G10「2026-07 全 SKU 約漲 25%」；Q2 營收為漲價前
A12: 技術設備等折舊資產毛額 2025-12-31（PP&E 毛額 − 在建） | B12: 24.565 | C12: $B | D12: Verified（10-Q） | E12: 附註 5：33,941 − 9,376
A13: 同上 2026-06-30 | B13: 40.704 | C13: $B | D13: Verified（10-Q） | E13: 附註 5：52,622 − 11,918
... A16: TK IT 折舊年限（IF_DeprLifeIT 基準） | B16: 6 | C16: 年 | D16: Derived | E16: TK v21.2 Interface 第 219 列
